N_qubit,F_c,time_s,valid
2,0.9977795233694474,0.3770457999780774,True
3,0.9924384005376243,10.444609199999832,True
4,0.9821288977843612,311.3228825000115,True
